<?xml version="1.0"?><layout>	<controls>		<card id="tpNormalControls">			<region id="tpTitleRegion">				<row id="tpTitleContainer" width="100%">					<control id="tpTitle"/>				</row>			</region>			<region id="tpAdCountdownRegion">				<row id="tpAdCountdownContainer" width="100%">					<control id="tpAdCountdown" text="Advertisement: Your video will resume in {remainingTime} {seconds}"/>				</row>			</region>			<region id="tpBottomRegion">				<row>					<control id="tpPlay"/>					<control id="tpPrevious"/>					<control id="tpNext"/>					<control id="tpVolume"/>					<group width="100%">						<control id="tpScrubber"/>						<spacer width="4"/>						<control id="tpCurrentTime"/>						<control id="tpTimeDivider"/>						<control id="tpTotalTime"/>						<spacer width="4"/>					</group>					<control id="tpCC"/>					<control id="tpBandwidth"/>					<control id="tpFullScreen"/>					<control id="tpMenu"/>				</row>			</region>		</card>		<card id="tpFullScreenControls">			<region id="tpTitleRegion" scale="2">				<row id="tpTitleContainer" width="100%">					<control id="tpTitle"/>				</row>			</region>			<region id="tpAdCountdownRegion" scale="2">				<row id="tpAdCountdownContainer" width="100%">					<control id="tpAdCountdown" text="Advertisement: Your video will resume in {remainingTime} {seconds}"/>				</row>			</region>			<region id="tpBottomRegion" scale="2">				<row>					<control id="tpPlay"/>					<control id="tpPrevious"/>					<control id="tpNext"/>					<control id="tpVolume"/>					<group width="100%">						<control id="tpScrubber"/>						<spacer width="4"/>						<control id="tpCurrentTime"/>						<control id="tpTimeDivider"/>						<control id="tpTotalTime"/>						<spacer width="4"/>					</group>					<control id="tpCC"/>					<control id="tpBandwidth"/>					<control id="tpFullScreen"/>					<control id="tpMenu"/>				</row>			</region>		</card>	</controls>	<forms>		<!-- header -->		<card id="tpHeaderCard">			<container direction="horizontal" width="100%" height="26" verticalAlign="middle" paddingLeft="4" paddingRight="4">				<control id="tpHeaderIcon"/>				<control id="tpHeaderTitle" text="Share" textStyle="PlayerFormTitleFont"/>				<container id="tpLinkContainer" direction="horizontal" width="100%" height="100%" horizontalAlign="center" verticalAlign="bottom" paddingTop="4"/>				<control id="tpHeaderClose" label="Close"/>			</container>			<placeholder id="tpHeaderPH" skin="FormsCardSkin"/>		</card>		<!-- excerpt card -->		<card id="tpExcerptCard" parentCardId="tpHeaderCard" paddingTop="6" paddingBottom="6" paddingLeft="4" paddingRight="4">			<container direction="horizontal" width="100%" height="100%" horizontalGap="4">				<control id="tpExcerptVideo" width="100%" height="100%"/>				<placeholder id="ExcerptFormPH" width="100%" height="100%"/>			</container>			<container direction="vertical" height="100%" width="100%" horizontalAlign="center">				<spacer height="100%"/>				<control id="tpExcerptInstructions" text="Drag the handles or use your arrow keys to adjust times."/>				<spacer percentHeight="50"/>				<container direction="horizontal" width="100%" paddingLeft="50" paddingRight="50" verticalAlign="absolute:3">					<control id="tpExcerptPlay"/>					<control id="tpExcerptSlider"/>				</container>				<spacer height="100%"/>			</container>		</card>		<!-- share card -->		<card id="tpShareCard" paddingTop="6" paddingBottom="4" paddingLeft="4" paddingRight="4" parentCardId="tpExcerptCard">			<link linkto="tpPostCard" width="30" height="22" skin="FormsNavButtonSkin" tooltip="Post" icon="IconPost_big" isDefault="true"/>			<link linkto="tpEmailCard" width="30" height="22" icon="IconMail_big" skin="FormsNavButtonSkin" tooltip="Email"/>			<link linkto="tpLinkCard" width="30" height="22" skin="FormsNavButtonSkin" tooltip="Link" icon="IconLink_big"/>			<link linkto="tpEmbedCard" width="30" height="22" skin="FormsNavButtonSkin" tooltip="Embed" icon="IconEmbed_big"/>			<placeholder id="tpLinkFormPH"/>		</card>		<!-- menu card -->		<card id="tpMenuCard">			<region id="tpMenuRegion">				<container width="100%" height="100%">					<spacer height="100%"/>					<container width="100%" direction="horizontal" horizontalGap="14">						<spacer width="100%"/>						<control id="tpShare" height="50" width="50" autoSkin="false" skin="FormsButtonSkin" direction="vertical" label="Share" icon="IconShare_big"/>						<control id="tpRSS" height="50" width="50" autoSkin="false" skin="FormsButtonSkin" direction="vertical" label="RSS" icon="IconRSS_big"/>						<control id="tpInfo" height="50" width="50" autoSkin="false" skin="FormsButtonSkin" direction="vertical" label="Info" icon="IconInfo_big"/>						<spacer width="100%"/>					</container>					<spacer height="100%"/>				</container>				<!-- related items group-->				<container id="tpRelatedItemsControlGroup" width="100%" height="120">					<container width="100%" direction="horizontal" skin="RelatedItemsHeaderBackgroundSkin" paddingLeft="32" paddingRight="32" paddingTop="6" paddingBottom="4">						<control id="tpRelatedItemsTitle" textStyle="PlayerFormRelatedItemsTitleFont"/>						<spacer width="100%"/>						<control id="tpRelatedItemsRange" skin="none" textStyle="PlayerFormRelatedItemsFont"/>					</container>					<!-- related items control-->					<container width="100%" height="100%" skin="RelatedItemsBackgroundSkin" paddingTop="10" paddingBottom="5" paddingLeft="5" paddingRight="5" verticalGap="5">						<control id="tpRelatedItems" relatedItemsPerPage="6"/>						<container width="100%" paddingLeft="27">							<control id="tpRelatedItemsClipTitle" hintText=""/>						</container>					</container>				</container>			</region>		</card>		<!-- email card-->		<card id="tpEmailCard" parentCardId="tpExcerptCard" paddingTop="6" paddingRight="4" paddingBottom="6" paddingLeft="4" verticalGap="4">			<control id="tpEmailSendTo" skin="TextAreaSkin" hint="Send to" input="true"/>			<control id="tpEmailSender" skin="TextAreaSkin" hint="Your Email" input="true"/>			<control id="tpEmailMessage" skin="TextAreaSkin" hint="Message" input="true" multiline="true" showScrollBar="auto"/>			<container direction="horizontal" skin="none" horizontalAlign="right" width="100%" horizontalGap="4">				<control id="tpEmailSend" label="Send"/>				<control id="tpEmailCancel" label="Cancel"/>			</container>		</card>		<!-- embed card -->		<card id="tpEmbedCard" parentCardId="tpExcerptCard" paddingTop="6" paddingRight="4" paddingBottom="6" verticalGap="4" paddingLeft="4">			<label text="Copy the embed code:" textStyle="PlayerFormLabelFont"/>			<control id="tpEmbedText" textStyle="PlayerFormMessageFont"/>			<group direction="horizontal" horizontalAlign="right" width="100%" horizontalGap="4">				<control id="tpEmbedCheckbox"/>				<control id="tpEmbedCopyToClipboard" label="Copy to Clipboard"/>			</group>		</card>		<!-- link card -->		<card id="tpLinkCard" parentCardId="tpExcerptCard" paddingTop="6" paddingRight="4" paddingBottom="6" verticalGap="4" paddingLeft="4">			<label text="Copy the player link:" textStyle="PlayerFormLabelFont"/>			<control id="tpLinkText" textStyle="PlayerFormMessageFont"/>			<group direction="horizontal" horizontalAlign="right" width="100%" horizontalGap="4">				<spacer width="100%"/>				<control id="tpLinkCheckbox"/>				<control id="tpLinkCopyToClipboard" label="Copy to Clipboard"/>			</group>		</card>		<!-- rss card -->		<card id="tpRssCard" parentCardId="tpHeaderCard" paddingTop="6" paddingRight="4" paddingBottom="6" paddingLeft="4" verticalGap="4">			<label text="Copy the RSS link:" textStyle="PlayerFormLabelFont"/>			<control id="tpRssText" multiline="true"/>			<group direction="horizontal" skin="none" width="100%" horizontalAlign="right" horizontalGap="4">				<control id="tpRssCheckbox"/>				<control id="tpRssCopyToClipboard" label="Copy to Clipboard"/>			</group>		</card>		<!-- info card -->		<card id="tpInfoCard" parentCardId="tpHeaderCard" paddingTop="6" paddingRight="4" paddingBottom="6" paddingLeft="4">			<control id="tpInfoTitle" textStyle="PlayerFormLabelFont" multiline="false" isHtml="true"/>			<control id="tpInfoAuthor" textStyle="PlayerFormLabelFont" multiline="true" isHtml="true"/>			<control id="tpInfoDescription" multiline="true" isHtml="true"/>			<control id="tpInfoCopyright" textStyle="PlayerFormLabelFont" multiline="false" isHtml="true"/>		</card>		<!-- post card -->		<card id="tpPostCard" parentCardId="tpExcerptCard" paddingTop="6" paddingRight="4" paddingBottom="6" paddingLeft="4" verticalGap="4">			<label text="Post to a site:" textStyle="PlayerFormLabelFont"/>			<control id="tpSiteList" textStyle="PlayerFormLabelFont" columns="2" showText="true" rowHeight="25" showScrollBar="auto"/>		</card>	</forms></layout>